,,,Min,,,Max,, ,  ,
Package,Original Set Size,Runs, |T|,t(ms),loss,|T|,t(ms),loss,Avg Reduced Size, Avg Time, Avg Loss, S.D
async-new,511,5,65,514,5.91621754042136,65,710,6.099951004409608,65,615.2,5.989710926016659,0 
cheerio-new,650,10,103,1381,5.591544493692467,104,1640,5.671098988521417,103.5,1479.7,5.640413683373106,0.5 
