,,,Min,,,Max,, ,  ,
Package,Original Set Size,Runs, |T|,t(ms),loss,|T|,t(ms),loss,Avg Reduced Size, Avg Time, Avg Loss, S.D
async-new,511,5,65,514,5.91621754042136,65,710,6.099951004409608,65,615.2,5.989710926016659,0 
cheerio-new,650,10,103,1381,5.591544493692467,104,1640,5.671098988521417,103.5,1479.7,5.640413683373106,0.5 
body-parser-old,204,10,33,69,5.952533675432971,35,97,6.311738293778065,33.5,75.6,6.1500962155227725,0.6708203932499369 
body-parser-old,204,10,23,64,12.251443232841561,25,99,12.790250160359202,24.1,72,12.449005772931365,0.7000000000000001 
body-parser-old,204,10,23,66,12.251443232841561,25,101,12.790250160359202,23.5,71.7,12.610647851186657,0.6708203932499369 
body-parser-old,204,10,23,64,9.549999999999997,25,102,9.969999999999999,23.5,74.5,9.787999999999998,0.6708203932499369 
